Workbook

Sheet README
A1: Multi-state Cox proportional-hazards model — results
A2: Cause-specific model for successful phase transitions (clock-reset, semi-Markov)
A4: Model specification
A5: Surv(Duration, event) ~ strata(from, Inv_Environment) + from:covariate + cluster(Inv_index)
A6: Ties: Efron. Standard errors: robust, clustered on Inv_index.
A7: Baseline stratified by phase of origin (from) and environment (onshore/offshore).
A8: All covariates interacted with phase of origin -> phase-specific hazard ratios.
A10: Sample
A11: n = 1082 transition spells | 462 successes | 377 cancellations | 243 censored.
A12: Main model: concordance = 0.716 (se 0.016). Global Schoenfeld chi2 = 29.41, df = 28, p = 0.39.
A13: Robustness model: concordance = 0.717 (se 0.016). Global Schoenfeld chi2 = 40.68, df = 30, p = 0.09.
A15: Reference levels
... A38: columns are live formulas over the Main model and Robustness sheets.

Sheet Main model
A1: Table 1 — Structural and temporal drivers (cause-specific: successful transition)
A3: Phase | B3: Variable | C3: HR | D3: 95% CI low | E3: 95% CI high | F3: coef | G3: robust SE | H3: z | I3: p-value | J3: sig.
A4: 1 Consideration | B4: Region: EU Member (vs Extra-EU) | C4: 2.581078 | D4: 1.66066 | E4: 4.0116 | F4: 0.948207 | G4: 0.225001 | H4: 4.214 | I4: <0.001 | J4: ***
A5: 2 Planning | B5: Region: EU Member (vs Extra-EU) | C5: 0.992377 | D5: 0.5727 | E5: 1.7196 | F5: -0.007652 | G5: 0.280482 | H5: -0.027 | I5: 0.978
A6: 3 Design & Permitting | B6: Region: EU Member (vs Extra-EU) | C6: 1.959619 | D6: 1.17623 | E6: 3.2648 | F6: 0.67275 | G6: 0.260433 | H6: 2.583 | I6: 0.010 | J6: **
A7: 4 Construction | B7: Region: EU Member (vs Extra-EU) | C7: 2.022874 | D7: 1.26264 | E7: 3.2408 | F7: 0.70452 | G7: 0.240471 | H7: 2.93 | I7: 0.003 | J7: **
A8: 1 Consideration | B8: Jurisdiction: Cross-border (vs Internal) | C8: 1.797142 | D8: 1.1537 | E8: 2.7995 | F8: 0.586197 | G8: 0.226141 | H8: 2.592 | I8: 0.010 | J8: **
A9: 2 Planning | B9: Jurisdiction: Cross-border (vs Internal) | C9: 1.095253 | D9: 0.67998 | E9: 1.7641 | F9: 0.090985 | G9: 0.243204 | H9: 0.374 | I9: 0.708
A10: 3 Design & Permitting | B10: Jurisdiction: Cross-border (vs Internal) | C10: 1.238088 | D10: 0.84347 | E10: 1.8173 | F10: 0.213568 | G10: 0.195817 | H10: 1.091 | I10: 0.275
A11: 4 Construction | B11: Jurisdiction: Cross-border (vs Internal) | C11: 1.133766 | D11: 0.78155 | E11: 1.6447 | F11: 0.125545 | G11: 0.189809 | H11: 0.661 | I11: 0.508
A12: 1 Consideration | B12: Infrastructure: Upgrade (vs New) | C12: 0.646481 | D12: 0.38 | E12: 1.0998 | F12: -0.436212 | G12: 0.271118 | H12: -1.609 | I12: 0.108
A13: 2 Planning | B13: Infrastructure: Upgrade (vs New) | C13: 1.132534 | D13: 0.66201 | E13: 1.9375 | F13: 0.124457 | G13: 0.273952 | H13: 0.454 | I13: 0.650
A14: 3 Design & Permitting | B14: Infrastructure: Upgrade (vs New) | C14: 1.945689 | D14: 1.16029 | E14: 3.2627 | F14: 0.665616 | G14: 0.263752 | H14: 2.524 | I14: 0.012 | J14: *
A15: 4 Construction | B15: Infrastructure: Upgrade (vs New) | C15: 0.9916 | D15: 0.64378 | E15: 1.5274 | F15: -0.008436 | G15: 0.220397 | H15: -0.038 | I15: 0.969
A16: 1 Consideration | B16: Element: Nodal (vs Cable/Line) | C16: 0.706294 | D16: 0.4041 | E16: 1.2345 | F16: -0.347724 | G16: 0.284885 | H16: -1.221 | I16: 0.222
A17: 2 Planning | B17: Element: Nodal (vs Cable/Line) | C17: 1.359197 | D17: 0.79202 | E17: 2.3325 | F17: 0.306894 | G17: 0.275549 | H17: 1.114 | I17: 0.265
A18: 3 Design & Permitting | B18: Element: Nodal (vs Cable/Line) | C18: 1.652042 | D18: 0.99937 | E18: 2.731 | F18: 0.502012 | G18: 0.256456 | H18: 1.957 | I18: 0.050 | J18: .
A19: 4 Construction | B19: Element: Nodal (vs Cable/Line) | C19: 0.800877 | D19: 0.46855 | E19: 1.3689 | F19: -0.222048 | G19: 0.273507 | H19: -0.812 | I19: 0.417
A20: 1 Consideration | B20: Technology: DC (vs AC) | C20: 0.363044 | D20: 0.20943 | E20: 0.6293 | F20: -1.013231 | G20: 0.280687 | H20: -3.61 | I20: <0.001 | J20: ***
A21: 2 Planning | B21: Technology: DC (vs AC) | C21: 1.432593 | D21: 0.85884 | E21: 2.3896 | F21: 0.359486 | G21: 0.261054 | H21: 1.377 | I21: 0.168
A22: 3 Design & Permitting | B22: Technology: DC (vs AC) | C22: 0.942581 | D22: 0.44032 | E22: 2.0178 | F22: -0.059134 | G22: 0.388336 | H22: -0.152 | I22: 0.879
A23: 4 Construction | B23: Technology: DC (vs AC) | C23: 1.15435 | D23: 0.63207 | E23: 2.1082 | F23: 0.143538 | G23: 0.307294 | H23: 0.467 | I23: 0.640
A24: 1 Consideration | B24: COVID-19 shock | C24: 0.180573 | D24: 0.10665 | E24: 0.3057 | F24: -1.711621 | G24: 0.268656 | H24: -6.371 | I24: <0.001 | J24: ***
A25: 2 Planning | B25: COVID-19 shock | C25: 0.152059 | D25: 0.07955 | E25: 0.2907 | F25: -1.883489 | G25: 0.330587 | H25: -5.697 | I25: <0.001 | J25: ***
A26: 3 Design & Permitting | B26: COVID-19 shock | C26: 0.101014 | D26: 0.05971 | E26: 0.1709 | F26: -2.292496 | G26: 0.268228 | H26: -8.547 | I26: <0.001 | J26: ***
A27: 4 Construction | B27: COVID-19 shock | C27: 0.340259 | D27: 0.19515 | E27: 0.5933 | F27: -1.078047 | G27: 0.283638 | H27: -3.801 | I27: <0.001 | J27: ***
A28: 1 Consideration | B28: New Directive (post-2018) | C28: 3.451848 | D28: 2.00335 | E28: 5.9477 | F28: 1.23891 | G28: 0.277601 | H28: 4.463 | I28: <0.001 | J28: ***
A29: 2 Planning | B29: New Directive (post-2018) | C29: 1.913365 | D29: 1.10359 | E29: 3.3173 | F29: 0.648864 | G29: 0.28077 | H29: 2.311 | I29: 0.021 | J29: *
A30: 3 Design & Permitting | B30: New Directive (post-2018) | C30: 5.45068 | D30: 3.09653 | E30: 9.5946 | F30: 1.69574 | G30: 0.288505 | H30: 5.878 | I30: <0.001 | J30: ***
A31: 4 Construction | B31: New Directive (post-2018) | C31: 2.291426 | D31: 1.21579 | E31: 4.3187 | F31: 0.829174 | G31: 0.323364 | H31: 2.564 | I31: 0.010 | J31: *

Sheet Robustness
A1: Robustness — primary drivers with physical-scale controls (capacity & length)
A2: Capacity/length entered as categories with an explicit 'Missing' level (no listwise deletion); element category omitted (collinear with zero length). n = 1082.
A4: Phase | B4: Variable | C4: HR | D4: 95% CI low | E4: 95% CI high | F4: coef | G4: robust SE | H4: z | I4: p-value | J4: sig.
A5: 1 Consideration | B5: Region: EU Member (vs Extra-EU) | C5: 2.696132 | D5: 1.74153 | E5: 4.174 | F5: 0.991818 | G5: 0.222991 | H5: 4.448 | I5: <0.001 | J5: ***
A6: 2 Planning | B6: Region: EU Member (vs Extra-EU) | C6: 0.83079 | D6: 0.48443 | E6: 1.4248 | F6: -0.185378 | G6: 0.275215 | H6: -0.674 | I6: 0.501
A7: 3 Design & Permitting | B7: Region: EU Member (vs Extra-EU) | C7: 1.997038 | D7: 1.18596 | E7: 3.3628 | F7: 0.691665 | G7: 0.265881 | H7: 2.601 | I7: 0.009 | J7: **
A8: 4 Construction | B8: Region: EU Member (vs Extra-EU) | C8: 1.884132 | D8: 1.16072 | E8: 3.0584 | F8: 0.633467 | G8: 0.247159 | H8: 2.563 | I8: 0.010 | J8: *
A9: 1 Consideration | B9: Jurisdiction: Cross-border (vs Internal) | C9: 1.943418 | D9: 1.27211 | E9: 2.969 | F9: 0.664448 | G9: 0.216214 | H9: 3.073 | I9: 0.002 | J9: **
A10: 2 Planning | B10: Jurisdiction: Cross-border (vs Internal) | C10: 1.005318 | D10: 0.62233 | E10: 1.624 | F10: 0.005304 | G10: 0.244694 | H10: 0.022 | I10: 0.983
A11: 3 Design & Permitting | B11: Jurisdiction: Cross-border (vs Internal) | C11: 1.091834 | D11: 0.74657 | E11: 1.5968 | F11: 0.087859 | G11: 0.193946 | H11: 0.453 | I11: 0.651
A12: 4 Construction | B12: Jurisdiction: Cross-border (vs Internal) | C12: 1.078039 | D12: 0.73173 | E12: 1.5882 | F12: 0.075143 | G12: 0.197698 | H12: 0.38 | I12: 0.704
A13: 1 Consideration | B13: Infrastructure: Upgrade (vs New) | C13: 0.599151 | D13: 0.36841 | E13: 0.9744 | F13: -0.512242 | G13: 0.248132 | H13: -2.064 | I13: 0.039 | J13: *
A14: 2 Planning | B14: Infrastructure: Upgrade (vs New) | C14: 1.115854 | D14: 0.66072 | E14: 1.8845 | F14: 0.10962 | G14: 0.267374 | H14: 0.41 | I14: 0.682
A15: 3 Design & Permitting | B15: Infrastructure: Upgrade (vs New) | C15: 2.101242 | D15: 1.25536 | E15: 3.5171 | F15: 0.742529 | G15: 0.262816 | H15: 2.825 | I15: 0.005 | J15: **
A16: 4 Construction | B16: Infrastructure: Upgrade (vs New) | C16: 0.993285 | D16: 0.61683 | E16: 1.5995 | F16: -0.006738 | G16: 0.243074 | H16: -0.028 | I16: 0.978
A17: 1 Consideration | B17: Technology: DC (vs AC) | C17: 0.575328 | D17: 0.32993 | E17: 1.0033 | F17: -0.552814 | G17: 0.283712 | H17: -1.949 | I17: 0.051 | J17: .
A18: 2 Planning | B18: Technology: DC (vs AC) | C18: 1.943241 | D18: 1.12323 | E18: 3.3619 | F18: 0.664357 | G18: 0.279675 | H18: 2.375 | I18: 0.018 | J18: *
A19: 3 Design & Permitting | B19: Technology: DC (vs AC) | C19: 1.146195 | D19: 0.48082 | E19: 2.7323 | F19: 0.136448 | G19: 0.443224 | H19: 0.308 | I19: 0.758
A20: 4 Construction | B20: Technology: DC (vs AC) | C20: 1.257761 | D20: 0.62258 | E20: 2.541 | F20: 0.229333 | G20: 0.358787 | H20: 0.639 | I20: 0.523
A21: 1 Consideration | B21: COVID-19 shock | C21: 0.124788 | D21: 0.08232 | E21: 0.1892 | F21: -2.081139 | G21: 0.212227 | H21: -9.806 | I21: <0.001 | J21: ***
A22: 2 Planning | B22: COVID-19 shock | C22: 0.122214 | D22: 0.0666 | E22: 0.2243 | F22: -2.10198 | G22: 0.309745 | H22: -6.786 | I22: <0.001 | J22: ***
A23: 3 Design & Permitting | B23: COVID-19 shock | C23: 0.07507 | D23: 0.04525 | E23: 0.1246 | F23: -2.58934 | G23: 0.258332 | H23: -10.023 | I23: <0.001 | J23: ***
A24: 4 Construction | B24: COVID-19 shock | C24: 0.172729 | D24: 0.09237 | E24: 0.323 | F24: -1.756033 | G24: 0.319365 | H24: -5.499 | I24: <0.001 | J24: ***
A25: 1 Consideration | B25: New Directive (post-2018) | C25: 3.260018 | D25: 2.06281 | E25: 5.1521 | F25: 1.181733 | G25: 0.233507 | H25: 5.061 | I25: <0.001 | J25: ***
A26: 2 Planning | B26: New Directive (post-2018) | C26: 1.759658 | D26: 1.02026 | E26: 3.0349 | F26: 0.565119 | G26: 0.2781 | H26: 2.032 | I26: 0.042 | J26: *
A27: 3 Design & Permitting | B27: New Directive (post-2018) | C27: 5.917408 | D27: 3.41387 | E27: 10.2569 | F27: 1.777899 | G27: 0.280644 | H27: 6.335 | I27: <0.001 | J27: ***
A28: 4 Construction | B28: New Directive (post-2018) | C28: 2.787455 | D28: 1.36261 | E28: 5.7022 | F28: 1.025129 | G28: 0.365174 | H28: 2.807 | I28: 0.005 | J28: **
A30: Physical-scale controls (main effects — not interacted with phase)
A31: Variable | C31: HR | D31: 95% CI low | E31: 95% CI high | F31: coef | G31: robust SE | H31: z | I31: p-value | J31: sig.
A32: Capacity: Low (vs High) | C32: 1.230167 | D32: 0.9244 | E32: 1.6371 | F32: 0.20715 | G32: 0.145798 | H32: 1.421 | I32: 0.155
A33: Capacity: Missing (vs High) | C33: 1.524547 | D33: 0.85694 | E33: 2.7123 | F33: 0.421697 | G33: 0.293927 | H33: 1.435 | I33: 0.151
A34: Capacity: Zero (vs High) | C34: 1.925319 | D34: 1.38384 | E34: 2.6787 | F34: 0.655092 | G34: 0.168488 | H34: 3.888 | I34: <0.001 | J34: ***
A35: Length: Missing (vs Long) | C35: 0.324824 | D35: 0.16304 | E35: 0.6472 | F35: -1.124471 | G35: 0.351694 | H35: -3.197 | I35: 0.001 | J35: **
A36: Length: Short (vs Long) | C36: 0.936775 | D36: 0.73431 | E36: 1.1951 | F36: -0.065312 | G36: 0.124243 | H36: -0.526 | I36: 0.599
A37: Length: Zero (vs Long) | C37: 0.904509 | D37: 0.63697 | E37: 1.2844 | F37: -0.100363 | G37: 0.178919 | H37: -0.561 | I37: 0.575
A39: Note: the physical-scale signal concentrates in the zero-capacity and missing-length levels, which proxy nodal (substation) assets captured by element category in the main model.

Sheet Stability
A1: Coefficient stability — main vs robustness model (primary drivers)
A2: Geographic and temporal drivers keep sign, order of magnitude and significance. Technology (DC) does not: see the flagged rows and the note below.
A4: Phase | B4: Variable | C4: HR (main) | D4: HR (robustness) | E4: Δ log-HR | F4: % change | G4: Significance at p<0.05
A5: 1 Consideration | B5: Region: EU Member (vs Extra-EU) | C5: ='Main model'!C4 -> 2.581078 | D5: =Robustness!C5 -> 2.696132 | E5: =LN(D5)-LN(C5) -> 0.043611012 | F5: =D5/C5-1 -> 0.044575948 | G5: =IF(AND('Main model'!J4<>"",'Main model'!J4<>".")=AND(Robustness!J5<>"",Robustness!J5<>"."),"unchanged","CHANGES") -> unchanged
A6: 2 Planning | B6: Region: EU Member (vs Extra-EU) | C6: ='Main model'!C5 -> 0.992377 | D6: =Robustness!C6 -> 0.83079 | E6: =LN(D6)-LN(C6) -> -0.17772602 | F6: =D6/C6-1 -> -0.16282824 | G6: =IF(AND('Main model'!J5<>"",'Main model'!J5<>".")=AND(Robustness!J6<>"",Robustness!J6<>"."),"unchanged","CHANGES") -> unchanged
A7: 3 Design & Permitting | B7: Region: EU Member (vs Extra-EU) | C7: ='Main model'!C6 -> 1.959619 | D7: =Robustness!C7 -> 1.997038 | E7: =LN(D7)-LN(C7) -> 0.018915016 | F7: =D7/C7-1 -> 0.019095038 | G7: =IF(AND('Main model'!J6<>"",'Main model'!J6<>".")=AND(Robustness!J7<>"",Robustness!J7<>"."),"unchanged","CHANGES") -> unchanged
A8: 4 Construction | B8: Region: EU Member (vs Extra-EU) | C8: ='Main model'!C7 -> 2.022874 | D8: =Robustness!C8 -> 1.884132 | E8: =LN(D8)-LN(C8) -> -0.071052035 | F8: =D8/C8-1 -> -0.068586575 | G8: =IF(AND('Main model'!J7<>"",'Main model'!J7<>".")=AND(Robustness!J8<>"",Robustness!J8<>"."),"unchanged","CHANGES") -> unchanged
A9: 1 Consideration | B9: Jurisdiction: Cross-border (vs Internal) | C9: ='Main model'!C8 -> 1.797142 | D9: =Robustness!C9 -> 1.943418 | E9: =LN(D9)-LN(C9) -> 0.078250653 | F9: =D9/C9-1 -> 0.08139368 | G9: =IF(AND('Main model'!J8<>"",'Main model'!J8<>".")=AND(Robustness!J9<>"",Robustness!J9<>"."),"unchanged","CHANGES") -> unchanged
A10: 2 Planning | B10: Jurisdiction: Cross-border (vs Internal) | C10: ='Main model'!C9 -> 1.095253 | D10: =Robustness!C10 -> 1.005318 | E10: =LN(D10)-LN(C10) -> -0.085681477 | F10: =D10/C10-1 -> -0.082113448 | G10: =IF(AND('Main model'!J9<>"",'Main model'!J9<>".")=AND(Robustness!J10<>"",Robustness!J10<>"."),"unchanged","CHANGES") -> unchanged
A11: 3 Design & Permitting | B11: Jurisdiction: Cross-border (vs Internal) | C11: ='Main model'!C10 -> 1.238088 | D11: =Robustness!C11 -> 1.091834 | E11: =LN(D11)-LN(C11) -> -0.1257094 | F11: =D11/C11-1 -> -0.11812892 | G11: =IF(AND('Main model'!J10<>"",'Main model'!J10<>".")=AND(Robustness!J11<>"",Robustness!J11<>"."),"unchanged","CHANGES") -> unchanged
A12: 4 Construction | B12: Jurisdiction: Cross-border (vs Internal) | C12: ='Main model'!C11 -> 1.133766 | D12: =Robustness!C12 -> 1.078039 | E12: =LN(D12)-LN(C12) -> -0.050401185 | F12: =D12/C12-1 -> -0.049152118 | G12: =IF(AND('Main model'!J11<>"",'Main model'!J11<>".")=AND(Robustness!J12<>"",Robustness!J12<>"."),"unchanged","CHANGES") -> unchanged
A13: 1 Consideration | B13: Infrastructure: Upgrade (vs New) | C13: ='Main model'!C12 -> 0.646481 | D13: =Robustness!C13 -> 0.599151 | E13: =LN(D13)-LN(C13) -> -0.076030156 | F13: =D13/C13-1 -> -0.073211742 | G13: =IF(AND('Main model'!J12<>"",'Main model'!J12<>".")=AND(Robustness!J13<>"",Robustness!J13<>"."),"unchanged","CHANGES") -> CHANGES
A14: 2 Planning | B14: Infrastructure: Upgrade (vs New) | C14: ='Main model'!C13 -> 1.132534 | D14: =Robustness!C14 -> 1.115854 | E14: =LN(D14)-LN(C14) -> -0.014837569 | F14: =D14/C14-1 -> -0.014728035 | G14: =IF(AND('Main model'!J13<>"",'Main model'!J13<>".")=AND(Robustness!J14<>"",Robustness!J14<>"."),"unchanged","CHANGES") -> unchanged
A15: 3 Design & Permitting | B15: Infrastructure: Upgrade (vs New) | C15: ='Main model'!C14 -> 1.945689 | D15: =Robustness!C15 -> 2.101242 | E15: =LN(D15)-LN(C15) -> 0.076912442 | F15: =D15/C15-1 -> 0.079947515 | G15: =IF(AND('Main model'!J14<>"",'Main model'!J14<>".")=AND(Robustness!J15<>"",Robustness!J15<>"."),"unchanged","CHANGES") -> unchanged
A16: 4 Construction | B16: Infrastructure: Upgrade (vs New) | C16: ='Main model'!C15 -> 0.9916 | D16: =Robustness!C16 -> 0.993285 | E16: =LN(D16)-LN(C16) -> 0.0016978318 | F16: =D16/C16-1 -> 0.0016992739 | G16: =IF(AND('Main model'!J15<>"",'Main model'!J15<>".")=AND(Robustness!J16<>"",Robustness!J16<>"."),"unchanged","CHANGES") -> unchanged
A17: 1 Consideration | B17: Technology: DC (vs AC) | C17: ='Main model'!C20 -> 0.363044 | D17: =Robustness!C17 -> 0.575328 | E17: =LN(D17)-LN(C17) -> 0.46041627 | F17: =D17/C17-1 -> 0.58473353 | G17: =IF(AND('Main model'!J20<>"",'Main model'!J20<>".")=AND(Robustness!J17<>"",Robustness!J17<>"."),"unchanged","CHANGES") -> CHANGES
A18: 2 Planning | B18: Technology: DC (vs AC) | C18: ='Main model'!C21 -> 1.432593 | D18: =Robustness!C18 -> 1.943241 | E18: =LN(D18)-LN(C18) -> 0.30487111 | F18: =D18/C18-1 -> 0.35645016 | G18: =IF(AND('Main model'!J21<>"",'Main model'!J21<>".")=AND(Robustness!J18<>"",Robustness!J18<>"."),"unchanged","CHANGES") -> CHANGES
A19: 3 Design & Permitting | B19: Technology: DC (vs AC) | C19: ='Main model'!C22 -> 0.942581 | D19: =Robustness!C19 -> 1.146195 | E19: =LN(D19)-LN(C19) -> 0.19558118 | F19: =D19/C19-1 -> 0.21601751 | G19: =IF(AND('Main model'!J22<>"",'Main model'!J22<>".")=AND(Robustness!J19<>"",Robustness!J19<>"."),"unchanged","CHANGES") -> unchanged
A20: 4 Construction | B20: Technology: DC (vs AC) | C20: ='Main model'!C23 -> 1.15435 | D20: =Robustness!C20 -> 1.257761 | E20: =LN(D20)-LN(C20) -> 0.085795741 | F20: =D20/C20-1 -> 0.089583748 | G20: =IF(AND('Main model'!J23<>"",'Main model'!J23<>".")=AND(Robustness!J20<>"",Robustness!J20<>"."),"unchanged","CHANGES") -> unchanged
A21: 1 Consideration | B21: COVID-19 shock | C21: ='Main model'!C24 -> 0.180573 | D21: =Robustness!C21 -> 0.124788 | E21: =LN(D21)-LN(C21) -> -0.36951883 | F21: =D21/C21-1 -> -0.30893323 | G21: =IF(AND('Main model'!J24<>"",'Main model'!J24<>".")=AND(Robustness!J21<>"",Robustness!J21<>"."),"unchanged","CHANGES") -> unchanged
A22: 2 Planning | B22: COVID-19 shock | C22: ='Main model'!C25 -> 0.152059 | D22: =Robustness!C22 -> 0.122214 | E22: =LN(D22)-LN(C22) -> -0.218495 | F22: =D22/C22-1 -> -0.1962725 | G22: =IF(AND('Main model'!J25<>"",'Main model'!J25<>".")=AND(Robustness!J22<>"",Robustness!J22<>"."),"unchanged","CHANGES") -> unchanged
A23: 3 Design & Permitting | B23: COVID-19 shock | C23: ='Main model'!C26 -> 0.101014 | D23: =Robustness!C23 -> 0.07507 | E23: =LN(D23)-LN(C23) -> -0.29683811 | F23: =D23/C23-1 -> -0.25683569 | G23: =IF(AND('Main model'!J26<>"",'Main model'!J26<>".")=AND(Robustness!J23<>"",Robustness!J23<>"."),"unchanged","CHANGES") -> unchanged
A24: 4 Construction | B24: COVID-19 shock | C24: ='Main model'!C27 -> 0.340259 | D24: =Robustness!C24 -> 0.172729 | E24: =LN(D24)-LN(C24) -> -0.6779832 | F24: =D24/C24-1 -> -0.49236023 | G24: =IF(AND('Main model'!J27<>"",'Main model'!J27<>".")=AND(Robustness!J24<>"",Robustness!J24<>"."),"unchanged","CHANGES") -> unchanged
A25: 1 Consideration | B25: New Directive (post-2018) | C25: ='Main model'!C28 -> 3.451848 | D25: =Robustness!C25 -> 3.260018 | E25: =LN(D25)-LN(C25) -> -0.057177023 | F25: =D25/C25-1 -> -0.055573131 | G25: =IF(AND('Main model'!J28<>"",'Main model'!J28<>".")=AND(Robustness!J25<>"",Robustness!J25<>"."),"unchanged","CHANGES") -> unchanged
A26: 2 Planning | B26: New Directive (post-2018) | C26: ='Main model'!C29 -> 1.913365 | D26: =Robustness!C26 -> 1.759658 | E26: =LN(D26)-LN(C26) -> -0.083744 | F26: =D26/C26-1 -> -0.080333339 | G26: =IF(AND('Main model'!J29<>"",'Main model'!J29<>".")=AND(Robustness!J26<>"",Robustness!J26<>"."),"unchanged","CHANGES") -> unchanged
A27: 3 Design & Permitting | B27: New Directive (post-2018) | C27: ='Main model'!C30 -> 5.45068 | D27: =Robustness!C27 -> 5.917408 | E27: =LN(D27)-LN(C27) -> 0.082158144 | F27: =D27/C27-1 -> 0.085627481 | G27: =IF(AND('Main model'!J30<>"",'Main model'!J30<>".")=AND(Robustness!J27<>"",Robustness!J27<>"."),"unchanged","CHANGES") -> unchanged
A28: 4 Construction | B28: New Directive (post-2018) | C28: ='Main model'!C31 -> 2.291426 | D28: =Robustness!C28 -> 2.787455 | E28: =LN(D28)-LN(C28) -> 0.19595466 | F28: =D28/C28-1 -> 0.21647175 | G28: =IF(AND('Main model'!J31<>"",'Main model'!J31<>".")=AND(Robustness!J28<>"",Robustness!J28<>"."),"unchanged","CHANGES") -> unchanged
A30: How to read this sheet
A31: Δ log-HR is the change on the estimation scale and is the quantity to report; a difference in raw HR understates
A32: movement for hazard ratios below 1 (COVID-19, phase 4: HR 0.340 -> 0.173 is only -0.167 in levels but -68% in logs).
A33: 'CHANGES' flags a covariate that crosses the 5% threshold between the two specifications.
A35: Caveat: the robustness model both ADDS capacity/length and DROPS element category, so a flagged row cannot be
A36: attributed to physical scale alone. To separate the two, estimate an intermediate model that drops element
A37: category only. The attenuation of the DC coefficient is expected on substantive grounds — HVDC assets are
A38: systematically longer and higher-capacity, so the scale controls absorb part of the technology effect.

Sheet Diagnostics
A1: Model diagnostics
A3: Schoenfeld proportional-hazards test — main model
A4: Term | B4: chi2 | C4: df | D4: p
A5: from:is_EU | B5: 4.25 | C5: 4 | D5: 0.37
A6: from:Project_Jurisdiction | B6: 3.5 | C6: 4 | D6: 0.48
A7: from:Infr_Type | B7: 5.25 | C7: 4 | D7: 0.26
A8: from:Inv_Element_Category | B8: 1.93 | C8: 4 | D8: 0.75
A9: from:Inv_Technology | B9: 2.42 | C9: 4 | D9: 0.66
A10: from:Covid19 | B10: 3.74 | C10: 4 | D10: 0.44
A11: from:NewDirective | B11: 3.77 | C11: 4 | D11: 0.44
A12: GLOBAL | B12: 29.41 | C12: 28 | D12: 0.39
A14: Schoenfeld proportional-hazards test — robustness model
A15: Term | B15: chi2 | C15: df | D15: p
A16: Capacity_Cat | B16: 6.7 | C16: 3 | D16: 0.082
A17: Length_Cat | B17: 4.65 | C17: 3 | D17: 0.199
A18: from:is_EU | B18: 4.92 | C18: 4 | D18: 0.296
A19: from:Project_Jurisdiction | B19: 4.25 | C19: 4 | D19: 0.373
A20: from:Infr_Type | B20: 5.81 | C20: 4 | D20: 0.214
A21: from:Inv_Technology | B21: 3.22 | C21: 4 | D21: 0.522
A22: from:Covid19 | B22: 5.82 | C22: 4 | D22: 0.213
A23: from:NewDirective | B23: 4.57 | C23: 4 | D23: 0.334
A24: GLOBAL | B24: 40.68 | C24: 30 | D24: 0.092
A26: Joint tests of physical-scale terms (capacity + length)
A27: Test | B27: chi2 | C27: df | D27: p | E27: Interpretation
A28: Likelihood-ratio (nested, unclustered) | B28: 37.805 | C28: 6 | D28: 1.226e-06 | E28: physical scale improves fit
A29: Robust Wald (clustered SE) | B29: 29.207 | C29: 6 | D29: 5.558e-05 | E29: confirmed with robust variance
A30: The LRT is computed on the unclustered fits: the likelihood does not depend on the robust variance estimator.
A32: Model fit
A33: Statistic | B33: Main | C33: Robustness
A34: Number of spells (n) | B34: 1082 | C34: 1082
A35: Events (successes) | B35: 462 | C35: 462
A36: Concordance | B36: 0.716 | C36: 0.717 | E36: se = 0.016 in both
A37: Likelihood ratio test (chi2) | B37: 219.7 | C37: 251 | E37: df = 28 and 30, p < 2e-16
A38: Wald test (chi2) | B38: 271.3 | C38: 398 | E38: df = 28 and 30, p < 2e-16
A39: Score (logrank) test (chi2) | B39: 208.1 | C39: 238.4 | E39: robust: 143.3 and 152.4, p < 2e-16
A41: Note: PH assumption is not rejected in either specification (global p = 0.39 and 0.09). Capacity_Cat is the closest to the threshold (p = 0.08).
